linhas;module;package;file;function
551;sys;platform;admin_filters/tests.py;test_datefieldlistfilter_with_time_zone_support
847;sys;platform;file_storage/tests.py;test_extended_length_storage
1035;sys;platform;file_storage/tests.py;test_file_upload_directory_default_permissions
648;sys;platform;staticfiles_tests/test_storage.py;test_collect_static_files_subclass_of_static_storage
794;sys;platform;mail/tests.py;test_backend_arg
1194;sys;platform;timezones/tests.py;test_get_current_timezone_templatetag
1243;sys;platform;timezones/tests.py;test_tz_template_context_processor
1732;sys;platform;cache/tests.py;test_cache_dir_permissions
39;sys;platform;shell/tests.py;test_stdin_read
50;sys;platform;shell/tests.py;test_stdin_read_globals
62;sys;platform;shell/tests.py;test_stdin_read_inline_function_call
301;sys;platform;view_tests/tests/test_debug.py;test_safestring_in_exception
2812;sys;platform;admin_scripts/tests.py;test_honor_umask
66;sys;platform;model_fields/test_filefield.py;test_save_without_name
89;sys;platform;model_fields/test_filefield.py;test_move_temporary_file
90;sys;platform;asgi/tests.py;test_file_response
521;sys;platform;migrations/test_writer.py;test_serialize_pathlib
157;sys;platform;responses/test_fileresponse.py;test_content_disposition_escaping
233;sys;platform;responses/test_fileresponse.py;test_file_from_named_pipe_response
574;sys;platform;fixtures/tests.py;test_load_fixture_with_special_characters
56;sys;platform;utils_tests/test_archive.py;test_extract_file_permissions
89;sys;platform;utils_tests/test_archive.py;test_extract_function_traversal
217;sys;platform;template_tests/test_loaders.py;test_permissions_error
232;sys;platform;template_tests/test_loaders.py;test_notafile_error
73;sys;platform;file_uploads/tests.py;test_upload_name_is_validated
804;sys;platform;file_uploads/tests.py;test_readonly_root
